{"cameraMode":{"drawMode":0,"name":"Shaded","section":"Shading Mode"},"sceneLighting":false,"audioPlay":false,"sceneViewState":{"m_AlwaysRefresh":true,"showFog":true,"showSkybox":false,"showFlares":true,"showImageEffects":true,"showParticleSystems":true,"showVisualEffectGraphs":true,"m_FxEnabled":true},"in2DMode":false,"pivot":{"x":1.7119832038879395,"y":2.1108343601226808,"z":3.7902936935424806},"rotation":{"x":0.23974411189556123,"y":0.3318104147911072,"z":-0.08861826360225678,"w":0.908699631690979},"size":3.575591564178467,"orthographic":false}