{"cameraMode":{"drawMode":0,"name":"Shaded","section":"Shading Mode"},"sceneLighting":true,"audioPlay":false,"sceneViewState":{"m_AlwaysRefresh":true,"showFog":true,"showSkybox":true,"showFlares":true,"showImageEffects":true,"showParticleSystems":true,"showVisualEffectGraphs":true,"m_FxEnabled":true},"in2DMode":false,"pivot":{"x":-13.168789863586426,"y":-16.479928970336915,"z":13.481605529785157},"rotation":{"x":0.23603321611881257,"y":-0.6476254463195801,"z":0.22056034207344056,"w":0.6906636357307434},"size":38.50754928588867,"orthographic":false}