{"cameraMode":{"drawMode":0,"name":"Shaded","section":"Shading Mode"},"sceneLighting":true,"audioPlay":false,"sceneViewState":{"m_AlwaysRefresh":true,"showFog":true,"showSkybox":true,"showFlares":true,"showImageEffects":true,"showParticleSystems":true,"showVisualEffectGraphs":true,"m_FxEnabled":true},"in2DMode":false,"pivot":{"x":23.11744499206543,"y":0.9078258872032166,"z":8.781960487365723},"rotation":{"x":0.20557639002799989,"y":-0.7065408229827881,"z":0.22659598290920258,"w":0.6387434601783752},"size":3.9160921573638918,"orthographic":false}