{"cameraMode":{"drawMode":0,"name":"Shaded","section":"Shading Mode"},"sceneLighting":true,"audioPlay":false,"sceneViewState":{"m_AlwaysRefresh":true,"showFog":true,"showSkybox":true,"showFlares":true,"showImageEffects":true,"showParticleSystems":true,"showVisualEffectGraphs":true,"m_FxEnabled":true},"in2DMode":false,"pivot":{"x":674.433349609375,"y":275.50067138671877,"z":42.76852035522461},"rotation":{"x":0.0059773605316877369,"y":0.08838532865047455,"z":-0.000510765181388706,"w":0.9960914850234985},"size":338.6994323730469,"orthographic":false}