{"cameraMode":{"drawMode":0,"name":"Shaded","section":"Shading Mode"},"sceneLighting":true,"audioPlay":false,"sceneViewState":{"m_AlwaysRefresh":true,"showFog":true,"showSkybox":true,"showFlares":true,"showImageEffects":true,"showParticleSystems":true,"showVisualEffectGraphs":true,"m_FxEnabled":true},"in2DMode":false,"pivot":{"x":9.569195747375489,"y":-180.60350036621095,"z":472.5674133300781},"rotation":{"x":-0.18199676275253297,"y":0.0026651013176888229,"z":-0.0005064262077212334,"w":-0.9833946228027344},"size":263.0550537109375,"orthographic":false}