{"cameraMode":{"drawMode":0,"name":"Shaded","section":"Shading Mode"},"sceneLighting":true,"audioPlay":false,"sceneViewState":{"m_AlwaysRefresh":true,"showFog":true,"showSkybox":true,"showFlares":true,"showImageEffects":true,"showParticleSystems":true,"showVisualEffectGraphs":true,"m_FxEnabled":true},"in2DMode":false,"pivot":{"x":43.78776931762695,"y":7.162250518798828,"z":115.37451934814453},"rotation":{"x":0.41786253452301028,"y":0.05939068645238876,"z":-0.027279121801257135,"w":0.9063279032707214},"size":28.269264221191408,"orthographic":false}