{"cameraMode":{"drawMode":0,"name":"Shaded","section":"Shading Mode"},"sceneLighting":true,"audioPlay":false,"sceneViewState":{"m_AlwaysRefresh":true,"showFog":true,"showSkybox":true,"showFlares":true,"showImageEffects":true,"showParticleSystems":true,"showVisualEffectGraphs":true,"m_FxEnabled":true},"in2DMode":false,"pivot":{"x":18.091115951538087,"y":28.281448364257814,"z":16.58525848388672},"rotation":{"x":0.3718390464782715,"y":0.006962107960134745,"z":-0.002788857789710164,"w":0.9282684326171875},"size":42.3478889465332,"orthographic":false}