{"cameraMode":{"drawMode":0,"name":"Shaded","section":"Shading Mode"},"sceneLighting":true,"audioPlay":false,"sceneViewState":{"m_AlwaysRefresh":true,"showFog":true,"showSkybox":true,"showFlares":true,"showImageEffects":true,"showParticleSystems":true,"showVisualEffectGraphs":true,"m_FxEnabled":true},"in2DMode":false,"pivot":{"x":502.4256896972656,"y":268.55535888671877,"z":10.606304168701172},"rotation":{"x":-0.006000188644975424,"y":-0.024301251396536828,"z":0.00007316467235796154,"w":-0.9998515248298645},"size":304.7008972167969,"orthographic":false}