{"cameraMode":{"drawMode":0,"name":"Shaded","section":"Shading Mode"},"sceneLighting":true,"audioPlay":false,"sceneViewState":{"m_AlwaysRefresh":true,"showFog":true,"showSkybox":true,"showFlares":true,"showImageEffects":true,"showParticleSystems":true,"showVisualEffectGraphs":true,"m_FxEnabled":true},"in2DMode":false,"pivot":{"x":466.348388671875,"y":354.08404541015627,"z":-18.782400131225587},"rotation":{"x":-0.013363136909902096,"y":-0.1452733725309372,"z":0.0019192590843886138,"w":-0.9893998503684998},"size":465.7712097167969,"orthographic":false}