{"cameraMode":{"drawMode":0,"name":"Shaded","section":"Shading Mode"},"sceneLighting":true,"audioPlay":false,"sceneViewState":{"m_AlwaysRefresh":true,"showFog":true,"showSkybox":true,"showFlares":true,"showImageEffects":true,"showParticleSystems":true,"showVisualEffectGraphs":true,"m_FxEnabled":true},"in2DMode":false,"pivot":{"x":14.684823989868164,"y":-35.384605407714847,"z":153.83102416992188},"rotation":{"x":-0.36681437492370608,"y":-0.06583549827337265,"z":0.025915615260601045,"w":-0.9277804493904114},"size":45.298065185546878,"orthographic":false}