{"cameraMode":{"drawMode":0,"name":"Shaded","section":"Shading Mode"},"sceneLighting":true,"audioPlay":false,"sceneViewState":{"m_AlwaysRefresh":true,"showFog":true,"showSkybox":true,"showFlares":true,"showImageEffects":true,"showParticleSystems":true,"showVisualEffectGraphs":true,"m_FxEnabled":true},"in2DMode":false,"pivot":{"x":-4.663915634155273,"y":-28.693828582763673,"z":67.47076416015625},"rotation":{"x":-0.18167781829833985,"y":0.10462579131126404,"z":-0.016580069437623025,"w":-0.9783444404602051},"size":53.72774887084961,"orthographic":false}