{"cameraMode":{"drawMode":0,"name":"Shaded","section":"Shading Mode"},"sceneLighting":true,"audioPlay":false,"sceneViewState":{"m_AlwaysRefresh":true,"showFog":true,"showSkybox":true,"showFlares":true,"showImageEffects":true,"showParticleSystems":true,"showVisualEffectGraphs":true,"m_FxEnabled":true},"in2DMode":false,"pivot":{"x":619.2623901367188,"y":351.1192626953125,"z":-0.3339042663574219},"rotation":{"x":-0.09884786605834961,"y":0.010131945833563805,"z":-0.0012056530686095358,"w":-0.9952191114425659},"size":21.836631774902345,"orthographic":false}