{"cameraMode":{"drawMode":0,"name":"Shaded","section":"Shading Mode"},"sceneLighting":false,"audioPlay":false,"sceneViewState":{"m_AlwaysRefresh":true,"showFog":true,"showSkybox":false,"showFlares":true,"showImageEffects":true,"showParticleSystems":true,"showVisualEffectGraphs":true,"m_FxEnabled":true},"in2DMode":false,"pivot":{"x":51.4235954284668,"y":1.366774320602417,"z":-57.371002197265628},"rotation":{"x":-0.016826631501317025,"y":0.0007123699760995805,"z":0.004124252591282129,"w":-1.000583529472351},"size":2.345207929611206,"orthographic":false}