{"cameraMode":{"drawMode":0,"name":"Shaded","section":"Shading Mode"},"sceneLighting":false,"audioPlay":false,"sceneViewState":{"m_AlwaysRefresh":true,"showFog":true,"showSkybox":false,"showFlares":true,"showImageEffects":true,"showParticleSystems":true,"showVisualEffectGraphs":true,"m_FxEnabled":true},"in2DMode":false,"pivot":{"x":0.014836132526397705,"y":0.00024355202913284302,"z":0.00021252036094665527},"rotation":{"x":0.018858836963772775,"y":-0.9659774899482727,"z":0.24748633801937104,"w":0.07347144931554795},"size":0.22675801813602448,"orthographic":false}