{"cameraMode":{"drawMode":0,"name":"Shaded","section":"Shading Mode"},"sceneLighting":false,"audioPlay":false,"sceneViewState":{"m_AlwaysRefresh":true,"showFog":true,"showSkybox":false,"showFlares":true,"showImageEffects":true,"showParticleSystems":true,"showVisualEffectGraphs":true,"m_FxEnabled":true},"in2DMode":false,"pivot":{"x":5.662441253662109e-7,"y":0.4566836953163147,"z":2.1730244159698488},"rotation":{"x":0.2782786786556244,"y":0.25525081157684328,"z":-0.07732822000980377,"w":0.9233972430229187},"size":1.9909999370574952,"orthographic":false}