{"cameraMode":{"drawMode":0,"name":"Shaded","section":"Shading Mode"},"sceneLighting":false,"audioPlay":false,"sceneViewState":{"m_AlwaysRefresh":true,"showFog":true,"showSkybox":false,"showFlares":true,"showImageEffects":true,"showParticleSystems":true,"showVisualEffectGraphs":true,"m_FxEnabled":true},"in2DMode":false,"pivot":{"x":-0.5226941108703613,"y":1.7723991870880128,"z":0.8992423415184021},"rotation":{"x":-0.02928447537124157,"y":-0.8147599101066589,"z":0.040304429829120639,"w":-0.5785572528839111},"size":2.0150973796844484,"orthographic":false}