{"cameraMode":{"drawMode":0,"name":"Shaded","section":"Shading Mode"},"sceneLighting":false,"audioPlay":false,"sceneViewState":{"m_AlwaysRefresh":true,"showFog":true,"showSkybox":false,"showFlares":true,"showImageEffects":true,"showParticleSystems":true,"showVisualEffectGraphs":true,"m_FxEnabled":true},"in2DMode":false,"pivot":{"x":5.026638507843018,"y":-1.0639530420303345,"z":1.3225351572036744},"rotation":{"x":-0.09251336008310318,"y":-0.09599190205335617,"z":0.012029604986310006,"w":-0.9917315244674683},"size":5.0234599113464359,"orthographic":false}