{"cameraMode":{"drawMode":0,"name":"Shaded","section":"Shading Mode"},"sceneLighting":false,"audioPlay":false,"sceneViewState":{"m_AlwaysRefresh":true,"showFog":true,"showSkybox":false,"showFlares":true,"showImageEffects":true,"showParticleSystems":true,"showVisualEffectGraphs":true,"m_FxEnabled":true},"in2DMode":false,"pivot":{"x":11.020000457763672,"y":1.9531135559082032,"z":147.302001953125},"rotation":{"x":-0.2825411260128021,"y":-0.026226023212075235,"z":0.007586395833641291,"w":-0.9590404629707336},"size":0.34630104899406435,"orthographic":false}