{"cameraMode":{"drawMode":0,"name":"Shaded","section":"Shading Mode"},"sceneLighting":false,"audioPlay":false,"sceneViewState":{"m_AlwaysRefresh":true,"showFog":true,"showSkybox":false,"showFlares":true,"showImageEffects":true,"showParticleSystems":true,"showVisualEffectGraphs":true,"m_FxEnabled":true},"in2DMode":false,"pivot":{"x":-6.538341522216797,"y":0.9362432360649109,"z":3.0006399154663088},"rotation":{"x":0.3556830883026123,"y":-0.06330499053001404,"z":0.02416740544140339,"w":0.9322120547294617},"size":10.648297309875489,"orthographic":false}