{"cameraMode":{"drawMode":0,"name":"Shaded","section":"Shading Mode"},"sceneLighting":false,"audioPlay":false,"sceneViewState":{"m_AlwaysRefresh":true,"showFog":true,"showSkybox":false,"showFlares":true,"showImageEffects":true,"showParticleSystems":true,"showVisualEffectGraphs":true,"m_FxEnabled":true},"in2DMode":false,"pivot":{"x":-4.9983415603637699,"y":0.34489500522613528,"z":0.0006398260593414307},"rotation":{"x":0.2587864100933075,"y":-0.6539486050605774,"z":0.2538682222366333,"w":0.664637565612793},"size":0.7697557806968689,"orthographic":false}